Faculties,Programs
Natural Science,Analytical chemistry
Natural Science,Anthropology & archaeology
Arts,Arabic
Natural Science,Biochemistry
Natural Science,Bioinformatics
Natural Science,Biotechnology
Natural Science,Botany
Commerce & BA,Business Administration
Natural Science,Chemical science
Natural Science,Chemistry
Commerce & BA,Commerce
Arts,Communication Design
Islamic Studies,Comparative Religion
Natural Science,Computer Science
Social Sciences,Criminology
Social Sciences,Development Studies
Social Sciences,Economics
Education,Education
Natural Science,Electronics
Arts,English
Arts,English  literature
Arts,English linguistics
Natural Science,Environmental Science
Arts,Fine Art
Natural Science,Fresh water biology & fisheries
Social Sciences,Gender Studies
Social Sciences,General history
Natural Science,Genetics
Natural Science,Geography
Natural Science,Geology
Social Sciences,Home Economics
Natural Science,Information Technology
Natural Science,Inorganic chemistry
Social Sciences,International Relations
Islamic Studies,Islamic Culture
Law,Law
Social Sciences,Library & Information Science
Social Sciences,Mass Communication
Natural Science,Mathematics
Natural Science,Medical Laboratory Technology
Natural Science,Microbiology
Islamic Studies,Muslim History
Natural Science,Nutrition & Food Analysis
Natural Science,Nutrition & Food Technology
Natural Science,Organic chemistry
Social Sciences,Pakistan Studies
Arts,Persian
Natural Science,Petroleum & geo science
Pharmacy,Pharm-D (Doctor of Pharmacy)
Pharmacy,Pharmaceutics
Arts,Philosophy
Natural Science,Physical chemistry
Natural Science,"Physical Education, Health & Sports Sciences"
Natural Science,Physics
Natural Science,Physiology
Social Sciences,Political Science
Social Sciences,Psychology
Social Sciences,Public Administration 
Social Sciences,Public Administration ms
Social Sciences,Rural Development
Arts,Sindhi
Social Sciences,Social work
Social Sciences,Sociology
Natural Science,Software Engineering
Natural Science,Statistics
Natural Science,Telecommunication
Arts,Textile Design
Arts,Urdu
Social Sciences,Women Development Studies
Natural Science,Zoology
