"","Department"
"1","Thatta Campus"
"2","Thatta Campus"
"3","SUC Thatta"
"4","SUC Thatta"
"5","SUC Thatta"
"6","Sindh University Campus at Thatta"
"7","Sindh University Campus at Thatta"
"8","Sindh University Campus at Thatta"
"9","Sindh University Campus at Thatta"
"10","Sindh University Campus at Larkana"
"11","Sindh University Campus at Larkana"
"12","Sindh University Campus at Larkana"
"13","Sindh University Campus at Larkana"
"14","S. U. Campus, Thatta"
"15","S. U. Campus at Thatta"
"16","S. U. Campus at Thatta"
"17","Sndh University Engineering Wing"
"18","Sindh University Engineering Wing,"
"19","Sindh University Engineering Wing"
"20","Sindh University Engineering Wing"
"21","Sindh University Engineering Wing"
"22","Sindh University Engineering Wing"
"23","Sindh University Engineering Wing"
"24","Sindh University Engineering Wing"
"25","Sindh University Engineering Wing"
"26","Sindh University Engineering Wing"
"27","Sindh University Engineering Wing"
"28","Sindh University Engineering Wing"
"29","Sindh University Engineering Wing"
"30","Sindh University Engineering Wing"
"31","Sindh University Engineering Wing"
"32","Sindh University Engineering Wing"
"33","Sindh University Engineering Wing"
"34","Sindh University Engineering Wing"
"35","Sindh University Engineering Wing"
"36","Sindh University Engineering Wing"
"37","Sindh University Engineering Wing"
"38","Sindh University Engineering Wing"
"39","Sindh University Engineering Wing"
"40","Sindh University Engineering Wing"
"41","Sindh University Engineering Wing"
"42","Sindh University Engineering Wing"
"43","Sindh University Engineering Wing"
"44","Sindh University Engineering Wing"
"45","Sindh University Engineering Wing"
"46","Sindh University Engineering Wing"
"47","Sindh University Engineering Wing"
"48","Sindh University Engineering Wing"
"49","Sindh University Engineering Wing"
"50","Sindh University Engineering Wing"
"51","Sindh University Engineering Wing"
"52","Sindh University Engineering Wing"
"53","Sindh University Engineering Wing"
"54","Sindh University Engineering wing"
"55","Sindh University Engineering wing"
"56","Sindh University Engineering Wing"
"57","Sindh University Engineering Wing"
"58","Sindh University Engineering Wing"
"59","Sindh University Engineering Wing"
"60","Sindh University Engineering Wing"
"61","Sindh University Engineering Wing"
"62","Sindh University Engineering Wing"
"63","Sindh University Engineering Wing"
"64","Sindh University Engineering Wing"
"65","Sindh University Engineering Wing"
"66","Sindh University Engineering Wing"
"67","Sindh University Engineering Wing"
"68","Sindh University Engineering Wing"
"69","Sindh University Engineering wing"
"70","Sindh University Engineering Wing"
"71","Sindh University Engineering Wing"
"72","Sindh University Engineering Wing"
"73","Sindh University Engineering Wing"
"74","Sindh University Engineering Wing"
"75","Sindh University Engineering Wing"
"76","Sindh University Engineering Wing"
"77","Sindh University Engineering Wing"
"78","Sindh University Engineering Wing"
"79","Sindh University Engineering Wing"
"80","Sindh University Engineering Wing"
"81","Sindh University Engineering Wing"
"82","Sindh University Engineering Wing"
"83","Sindh University Engineering Wing"
"84","Sindh University Engineering Wing"
"85","Sindh University Engineering Wing"
"86","Sindh University Engineering Wing"
"87","Sindh University Engineering Wing"
"88","Sindh University Engineering Wing"
"89","Sindh University Engineering Wing"
"90","Sindh University Engineering Wing"
"91","Sindh University Engineering Wing"
"92","Sindh University Engineering Wing"
"93","Sindh University Engineering Wing"
"94","Sindh University Engineering Wing"
"95","Sindh University Engineering Wing"
"96","Sindh University Engineering Wing"
"97","Sindh University Engineering Wing"
"98","Sindh University Engineering Wing"
"99","Sindh University Engineering Wing"
"100","Sindh University Engineering Wing"
"101","Sindh University Engineering Wing"
"102","Sindh University Engineering Wing"
"103","Sindh University Engineering Wing"
"104","Sindh University Engineering Wing"
"105","Sindh University Engineering Wing"
"106","Sindh University Engineering Wing"
"107","S.U. Engineering Wing"
"108","S. U. Engineering Wing"
"109","S.UEngineering Wing"
"110","S. U. Engineering Wing, Jamshoro"
"111","S. U. Engineering Wing"
"112","Engineering Wing, Jamshoro"
"113","Engineerin Wing, Jamshoro"
"114","Engineering Wing"
"115","Engineering Wing"
"116","Engineering Wing"
"117","Engineering Wing"
"118","Engineering Wing"
"119","Engineering Wing"
"120","SU Testing Centre"
"121","S.U.Testing Centre Insts: of Maths.& Computer Science"
"122","Sindh University Testing Center (IMCS)"
"123","Public Relations Section"
"124","Public Relations office"
"125","Public Relations office"
"126","Public Relations office"
"127","Planninig & Development Cell"
"128","Planning & Development Cell"
"129","Planning & Development Cell"
"130","Planning & Development Cell"
"131","Planning & Development Cell"
"132","Planning & Development Cell"
"133","Planning & Development Cell"
"134","Planning & Development Cell"
"135","Planning & Development Cell"
"136","Planning & Development Cell"
"137","Planning & Development Cell"
"138","Planning & Development Cell"
"139","Planning and Development Cell"
"140","Planning and Development Cell"
"141","Planning and Development Cell"
"142","P&D Cell"
"143","P&D Cell"
"144","P&D Cell"
"145","P&D Cell"
"146","P&D Cell"
"147","P&D"
"148","P&S Office"
"149","Physical Health & Sports"
"150","Center for Physical Health & Sport Science"
"151","Center for Physical Health & Sport Science"
"152","Physical Education"
"153","Physical Education"
"154","Physical Education"
"155","Centre for Physical Education for Health"
"156","Centre for Physical Education"
"157","Centre for Health & Physicl Education Boys"
"158","Centre for Health & Physical Education"
"159","Centre for Health & Physical Education"
"160","Centre for Health & Physical Education"
"161","Center for Physical Education Health & Sports Sciences"
"162","Center for Physical Education"
"163","Center for Physical Education"
"164","Center for health physical education"
"165","Physical Education (Girls)"
"166","Directorate Of Physical Education Boys"
"167","Directorate of Physical Education (Boys)"
"168","Directorate of Physical Education (Boys)"
"169","Directorate of Physical Education (Boys)"
"170","Muslim History"
"171","Muslim History"
"172","Deptt: of Muslim History"
"173","Marui Girls Hostels"
"174","Marui Girls Hostel"
"175","Marui Girls Hostel"
"176","Marui Girls Hostel"
"177","Marui Girls Hostel"
"178","Marui Girls Hostel"
"179","Marui Girls Hostel"
"180","Marui Girls Hostel"
"181","Marui Girls Hostel"
"182","Marui Girls Hostel"
"183","Marui Girls Hostel"
"184","Marui Girls Hostel"
"185","Marui Girls Hostel"
"186","Marui Girls Hostel"
"187","Marui Girls Hostel"
"188","Marui Girls Hostel"
"189","Marui Girls Hostel"
"190","Marui Girls Hostel"
"191","Marui Girls Hostel"
"192","Marui Girls Hostel"
"193","Marui Girls Hostel"
"194","Marui Girls Hostel"
"195","Marui Girls Hostel"
"196","Marui Girls Hostel"
"197","Marui Girls Hostel"
"198","Marui Girls Hostel"
"199","Marui Girls Hostel"
"200","Marui Girls Hostel"
"201","Marui Girls Hostel"
"202","Marui Girls Hostel"
"203","Institute of Languages"
"204","Institute of Languages"
"205","Institute of Languages"
"206","Institute of Languages"
"207","Department of Arabic"
"208","International Relations"
"209","International Relations"
"210","I.R. Deptt."
"211","Department of I.R"
"212","Department of Islamic Culture"
"213","Department of Islamic Culture"
"214","Department of Islamic Culture"
"215","Plantation"
"216","Plantation section"
"217","Plantation section"
"218","Plantation section"
"219","Plantation section"
"220","Plantation section"
"221","Plantation section"
"222","Plantation section"
"223","Plantation Section"
"224","Plantation Section"
"225","Plantation Section"
"226","Plantation Section"
"227","Plantation Section"
"228","Plantation Section"
"229","Plantation Section"
"230","Plantation Section"
"231","Plantation Section"
"232","Plantation Section"
"233","Plantation Section"
"234","Plantation Section"
"235","Plantation Section"
"236","Plantation Section"
"237","Plantation Section"
"238","Plantation Section"
"239","Plantation Section"
"240","Plantation Section"
"241","Plantation Section"
"242","Plantation Section"
"243","Plantation Section"
"244","Plantation Section"
"245","Plantation Section"
"246","Plantation Section"
"247","Plantation Section"
"248","Plantation & Beautification Wing"
"249","Plantation & Beautification Wing"
"250","Plantation & Beautification Wing"
"251","Plantation & Beautification Wing"
"252","Plantation & Beautification Wing"
"253","Plantation & Beautification Wing"
"254","Plantation & Beautification Wing"
"255","Plantation & Beautification Wing"
"256","Plantation & Beautification Wing"
"257","Plantation & Beautification W."
"258","Plantation & Beautification w."
"259","Plantation & Beatification"
"260","Plantation & B. Wing"
"261","Plant Sciences"
"262","Instt: Plant Sciences"
"263","Instt: of Plant Sciences"
"264","Instt. of Plant Sciences"
"265","Institute of Plant Sciences"
"266","Institute of Plant Sciences"
"267","Institute of Plant Sciences"
"268","Institute of Plant Sciences"
"269","Institute of Plant Sciences"
"270","Institute of Plant Sciences"
"271","Institute of Plant Sciences"
"272","Institute of Plant Sciences"
"273","Institute of Plant Sciences"
"274","Institute of Plant Sciences"
"275","Institute of Plant Sciences"
"276","Institute of Plant Sciences"
"277","Institute of Plant Sciences"
"278","Institute of Plant Sciences"
"279","Institute of Plant Sciences"
"280","Institute of Plant Sciences"
"281","Institute of Plant Sciences"
"282","Institute of Plant Sciences"
"283","Institute of Plant Sciences"
"284","Institute of Plant Sciences"
"285","Institute of Plant Sciences"
"286","Institute of Plant Science"
"287","Inst. of Plant Science"
"288","Physics"
"289","Physics"
"290","Physics"
"291","Instt: of Physics"
"292","Instt: of Physics"
"293","Instt: of Physics"
"294","Instt. of Physics"
"295","Institute of Physics"
"296","Institute of Physics"
"297","Institute of Physics"
"298","Institute of Physics"
"299","Institute of Physics"
"300","Institute of Physics"
"301","Institute of Physics"
"302","Institute of Physics"
"303","Institute of Physics"
"304","Institute of Physics"
"305","Institute of Physics"
"306","Institute of Physics"
"307","Instt: of Mathematics & Computer Sciences"
"308","Instt: of Mathematics & Computer Science"
"309","Instt: of Mathematics & Computer Science"
"310","Institute of Mathematics & Computer Science"
"311","Institute of Mathematics & Computer Science"
"312","Institute of Mathematics & Computer Science"
"313","Institute of Mathematics & Computer Science"
"314","Institute of Mathematics & Computer Science"
"315","Institute of Mathematics & Computer Science"
"316","Institute of Mathematics & Computer Science"
"317","Institute of Mathematics & Computer Science"
"318","Institute of Mathematics & Computer Science"
"319","Institute of Mathematics & Computer Science"
"320","Institute of Mathematics & Computer Science"
"321","Institute of Mathematics & Computer Science"
"322","Department of Mathematics & Computer Science"
"323","Department of Mathematics & Computer Science"
"324","Department of Mathematics & Computer Science"
"325","Instt: of Mathematics & Com: Sci:"
"326","Instt. of Maths. & Comp. Sc."
"327","IMCS"
"328","IMCS"
"329","IMCS"
"330","IMCS"
"331","IMCS"
"332","Office of Focal Person @ IMCS"
"333","I.M.C.S."
"334","I.M.C.S"
"335","New Mosque (I.M.C.S)"
"336","Instt: of Infor: & Comm: Tech:"
"337","Instt. of Information Technology"
"338","Institute of Information Technology"
"339","Institute of Information Technology"
"340","Institute of Information &Communication Technology"
"341","Institute of Information & Communication Technology"
"342","Institute of Information & Communication Technology"
"343","Institute of Information & Communication Technology"
"344","Institute of Information & Communication Technology"
"345","Institute of Information & Communication Technology"
"346","Institute of Information & Communication Technology"
"347","Institute of Information & Communication Technology"
"348","Institute of Information & Communication Technology"
"349","Institute of Information & Communication Technology"
"350","Institute of Information & Communication Technology"
"351","Institute of Information & Communication Technology"
"352","Institute of Information & Communication Technology"
"353","Institute of Information & Communication Technology"
"354","Institute of Information & Communication Technology"
"355","Institute of Information & Communication Technology"
"356","Institute of Information & Communication Technology"
"357","Institute of Information & Communication Technology"
"358","Institute of Information & Com. Tech."
"359","Institute of Information & C. Tech."
"360","Inst. of Information & Communication Tech:"
"361","Inst. of Inform. Tech."
"362","IICT"
"363","IICT"
"364","I.I.C.T"
"365","Institute of Woman Development Studies"
"366","Institute of Gender Studies"
"367","Institute of Gender Studies"
"368","Institute of Gender Studies"
"369","Institute of Gender Studies"
"370","Institute of Gender Studies"
"371","Gender Studies"
"372","Instt: of Biotechnology & G.E"
"373","Instt: of Biotechnology & G. E."
"374","Institute of Biotechnology & Genetic Engineering,"
"375","Institute of Biotechnology & Genetic Engineering"
"376","Institute of Biotechnology & Genetic Engineering"
"377","Institute of Biotechnology & Genetic Engineering"
"378","Institute of Biotechnology & Genetic Engineering"
"379","Institute of Biotechnology & Genetic Engineering"
"380","Institute of Biotechnology & Genetic Engineering"
"381","Institute of Biotechnology & Genetic Engineering"
"382","Institute of Biotechnology & Genetic Engineering"
"383","Institute of Biotechnology & Genetic Engineering"
"384","Institute of Biotechnology & Genetic Engineering"
"385","Institute of Biotechnolog & Genetic Engineering"
"386","Institute of  Bio-tech. and Genetic Engineering"
"387","Bio-Technology & Genetic Engineering"
"388","Instt: of Biochemistry."
"389","Instt: of Biochemistry"
"390","Instt: of Biochemistry"
"391","Inst. of Biochemistry"
"392","Institute of Biochemistry"
"393","Institute of Biochemistry"
"394","Institute of Biochemistry"
"395","Institute of Biochemistry"
"396","Institute of Biochemistry"
"397","Institute of Biochemistry"
"398","Institute of Biochemistry"
"399","Institute of Biochemistry"
"400","Institute of Biochemistry"
"401","Institute of Biochemistry"
"402","Institute of Biochemistry"
"403","Institute of Biochemistry"
"404","Institute of Biochemistry"
"405","Institute of  Biochemistry"
"406","Institute of  Biochemistry"
"407","Biochemistry"
"408","Institute of Advanced Research Studies in Chemical Sciences"
"409","Institute of Advanced Research Studies in Chemical Sciences"
"410","Institute of Advanced Research Studies in Chemical Sciences"
"411","Institute of Advanced Research Studies in Chemical Sciences"
"412","Institute of Advance Research Studies in Chemical Sciences"
"413","Institute of Advance Research Studies in Chemical Sciences"
"414","Inst. of Advance Research Studies in Chemical Sciences"
"415","Inst. Of Advanced Research Studies & Chemical Science"
"416","General History"
"417","General History"
"418","General history"
"419","Departt: of General History"
"420","Department of General History"
"421","Instt: of Law."
"422","Institute of Law, Hyderabad"
"423","Institute of Law, Hyderabad"
"424","Institute of Law, Hyderabad"
"425","Institute of Law, Elsa Kazi Campus,"
"426","Institute of Law,"
"427","Institute of Law"
"428","Institute of Law"
"429","Institute Of Law"
"430","Institute of Law"
"431","Institute of Law"
"432","Faculty of law, Hyderabad."
"433","Faculty of Law"
"434","Office of the Dean, Faculty of Natural Sciences"
"435","Office of the Dean, Faculty of Natural Sciences"
"436","Office of the Dean, Faculty of Natural Science"
"437","Faculty of Natural Sciences"
"438","Faculty of Natural science"
"439","Dean’s Office, Faculty of Natural Sciences"
"440","Dean, Faculty of Natural Sciences"
"441","Dean, Faculty of Natural Sciences"
"442","Department of Law"
"443","Department of Mass Communication"
"444","Department of Mass Communication"
"445","Department of Mass Communication"
"446","Department of Mass Communication"
"447","Department of Mass Communication"
"448","Department of Library Information Sciences & Archive Studies"
"449","Department of Library Information Science & Archive Studies"
"450","Department of Library Information Science & Archive Studies"
"451","Department of Library information Science"
"452","Office of the Dean, Faculty of Education"
"453","Office of the Dean, Faculty of Education"
"454","Office of the dean Faculty of Education"
"455","Non-Formal Distance Continuing Computer Education, Hyderabad"
"456","Faculty of Education, Hydrabad"
"457","Faculty of Education, Hyderabad"
"458","Faculty of Education, Hyderabad"
"459","Faculty of Education, Hyderabad"
"460","Faculty of Education, Hyderabad"
"461","Faculty of Education, Hyderabad"
"462","Faculty of Education, Hyderabad"
"463","Faculty of Education Hyderabad"
"464","DDCCE, Faculty of Education, Hyderabad"
"465","Faculty of Education, Hyd:"
"466","Faculty of Education, Hyd:"
"467","D.E.M. & Supervisor Faculty of Education, Hyd:"
"468","Faculty of Education,"
"469","Faculty of Education"
"470","Faculty of Education"
"471","Faculty of Education"
"472","Faculty of Education"
"473","Faculty of Education"
"474","Faculty of Education"
"475","Faculty of Education"
"476","Faculty of Education"
"477","Faculty of Education"
"478","Faculty of  Education"
"479","Dean Faculty of Education"
"480","DCCE, Faculty of Education,"
"481","Distance Continuing & Computer Education"
"482","Department of Distance Continuing & Computer Education"
"483","Department of Science & Technical Education, Faculty of Edu."
"484","Department of Science & Technical Education Faculty of Edu."
"485","Department of Science & Technical Education hyd"
"486","Department of Educational Management hyderabad"
"487","Department of Educational Management & Supervision Hyderabad"
"488","Dean Education"
"489","DCCE Education"
"490","Examinations Wing (Annual)"
"491","Examinations Wing (Annual)"
"492","Examinations Wing (Annual)"
"493","Examinations Wing (Annual)"
"494","Examinations Wing (Annual)"
"495","Examinations Wing (Annual)"
"496","Examinations Wing (Annual)"
"497","Examination Wing (Annual)"
"498","Examination Wing (Annual)"
"499","Examination Wing (Annual)"
"500","Examination Wing (Annual)"
"501","Examination Wing (Annual)"
"502","Examination Wing (Annual)"
"503","Examination Wing (Annual)"
"504","Examination Wing (Annual)"
"505","Examination Wing (Annual)"
"506","Exam. Wing (Annual)"
"507","Exam. Wing (Annual)"
"508","Controller of Examinations (Annual)"
"509","Dett: Economics"
"510","Dept. of Economics"
"511","Department of Economics"
"512","Department of Economics"
"513","Department of Economics"
"514","Department of Economics"
"515","Department of Economics"
"516","Department of Economics"
"517","Department of Economics"
"518","Sports (Boys)"
"519","Office of the Director Sports (Boys)"
"520","Directorate of Sports Boys"
"521","Directorate of Sports (Boys)"
"522","Directorate of Sports (Boys)"
"523","Director Sports (Boys)"
"524","Students’ Welfare Office"
"525","Student Welfare Office"
"526","Office ot the Students Welfare  officer (Girls)"
"527","Office the Student Financial Aid"
"528","Directorate of Students Affairs"
"529","Director Students Affairs"
"530","Sports Girls"
"531","Sports (Girls)"
"532","Office of the Diretress Sports (Girls)"
"533","Directorate of Sports (Girls)"
"534","Directorate of Sports (Girls)"
"535","Media & Communication Studies"
"536","Media & Communication Studies"
"537","Institute of Media and Communication Studies"
"538","Departmentof Media and Communication Studies"
"539","Department of Media & Communication Studies"
"540","Department of Media & Communication Studies"
"541","Deptt: of Media Commutation Studies"
"542","Dept. of Mass Communication"
"543","Department of Media Communication"
"544","Department of Media & Communication"
"545","Department of Media & Communication"
"546","Department of Media & Communication"
"547","Zoology Dept:"
"548","Zoology"
"549","Dept. of Zoology"
"550","Dept. of Zoology"
"551","Department of Zoology"
"552","Department of Zoology"
"553","Department of Zoology"
"554","Department of Zoology"
"555","Department of Zoology"
"556","Department of Zoology"
"557","Department of Zoology"
"558","Department of Zoology"
"559","Department of Zoology"
"560","Department of Zoology"
"561","Department of Zoology"
"562","Department of Zoology"
"563","Department of Zoology"
"564","Department of Zoology"
"565","Department of Zoology"
"566","Department of Zoology"
"567","Bureau of Translation Guidance Dept. of Zoology"
"568","Department of Sociology"
"569","Department of Sociology"
"570","Department of Sociology"
"571","Department of Sociology"
"572","Department of Sociology"
"573","Department of Sociology"
"574","Department of Geology"
"575","Deptt: of Urdu"
"576","Department of Urdu"
"577","Department of Urdu"
"578","Department of Urdu"
"579","Sociology"
"580","Deptt: of Sociology"
"581","Social Work"
"582","Social Work"
"583","Deptt: Social work"
"584","Department of Social Work"
"585","Department of Social Work"
"586","Deptt: of Sindhi"
"587","Department of Sindhi"
"588","Department of Sindhi"
"589","Department of Sindhi"
"590","Department of Sindhi"
"591","Department of Sindhi"
"592","Public Administration"
"593","Department of Public Administration"
"594","Department of Public Administration"
"595","Department Of Public Administration"
"596","Psychology"
"597","Department of Psychology"
"598","Department of Psychology"
"599","Department of Psychological Testing, Guidance & Research"
"600","Department of Physiology"
"601","Department of Physiology"
"602","Department of Physiology"
"603","Department of Physiology"
"604","Department of Physiology"
"605","Department of Physiology"
"606","Department of Physiology"
"607","Department of Physiology"
"608","Department of Physiology"
"609","Department of Physiology"
"610","Department of Physiology"
"611","Department of Physiology"
"612","Deptt: of Political Sciences"
"613","Department of Political Science"
"614","Department Of Political Science"
"615","Department of Political Science"
"616","Department of Political Science"
"617","Department of Philosophy"
"618","Department of Philosophy"
"619","Department of Philosophy"
"620","Department of Philosophy"
"621","Department of Philosophy"
"622","Deptt. of Pharmacy Practice, Faculty of Pharmacy"
"623","Department of Pharmacy Practice"
"624","Department of Pharmacy Prctice"
"625","Department of Pharmacognosy"
"626","Department of Pharmacognosy"
"627","Department of Pharmacognosy"
"628","Department of Pharmacognosy"
"629","Department of Pharmacology, Faculty of Pharmacy"
"630","Department of Pharmacology"
"631","Department of Pharmacology"
"632","Department of Pharmacology"
"633","Department of Pharmacology"
"634","Department of Pharmaceutics"
"635","Department of Pharmaceutics"
"636","Department of Pharmaceutics"
"637","Department of Pharmaceutics"
"638","Department of Pharmaceutics"
"639","Department of Pharmaceutics"
"640","Department of Pharmaceutical Chemistry"
"641","Department of Pharmaceutical Chemistry"
"642","Department of Pharmaceutical Chemistry"
"643","Geography"
"644","Geography"
"645","Dept. of Geography"
"646","Department of Geography"
"647","Department of Geography"
"648","Department of Geography"
"649","Department of Geography"
"650","Department of Geography"
"651","Department of Geography"
"652","Islamic Culture"
"653","Department of Comparative Religion & Islamic Culture"
"654","Faculty of Islamic Studies"
"655","Dean, F. of Islamic Studies"
"656","Deptt: of Criminology"
"657","Department of Criminology"
"658","Department of  Criminology"
"659","Centre for Rural Development Communication"
"660","Centre for Rural Development and Communication"
"661","Centre for Rural Development  Communication"
"662","Center for Rural Development Communication"
"663","Environmental Sciences"
"664","Environmental Sciences"
"665","Department of Environmental Sciences"
"666","Centre for Environmental Sciences"
"667","Centre for Environmental Science"
"668","Centre for Environmental Science"
"669","Centre for Environmental Science"
"670","Center for Environmental Sciences"
"671","Pure & Applied Geology"
"672","Centre For Pure And Applied Geology"
"673","Centre For Pure And Applied Geology"
"674","Centre for Pure & Applied Geology"
"675","Centre for Pure & Applied Geology"
"676","Centre for Pure & Applied Geology"
"677","Centre for Pure & Applied Geology"
"678","Centre for Pure & Applied Geology"
"679","Centre for Pure & Applied Geology"
"680","Centre for Pure & Applied Geology"
"681","Centre for Pur & Applied Geology"
"682","Center for Pure & Applied Geology"
"683","Center for Pure & Applied Geology"
"684","Center for Pure & Applied Geology"
"685","Center for Pure & Applied Geology"
"686","Center for Pure & Applied Geology"
"687","Center for Pure & Applied Geology"
"688","Center for Pure & Applied Geology"
"689","Center for Pure & Applied Geology"
"690","Center for Pure & Applied Geology"
"691","Center for Pure & Applied Geology"
"692","Center for Pure & Applied Geology"
"693","Center for Pure & Applied Geology"
"694","Center for Pure & Applied Geology"
"695","Center for Pure & Applied Geology"
"696","Deptt: of Geology"
"697","Anti Harassment Cell"
"698","Anti Harassment Cell"
"699","AC-I Section"
"700","Academic-I Section"
"701","Academic-I Section"
"702","AC-I"
"703","AC-I"
"704","Academic Section I"
"705","Sindh Development Studies Centre"
"706","Sindh Development Studies centre"
"707","Sindh Development Studies Centre"
"708","Sindh Development Studies Centre"
"709","Sindh Development Studies"
"710","S.D.S.C"
"711","Z.A. Bhutto Hostel"
"712","Women Behbood office"
"713","Waiting for posting at Admn: Branch"
"714","Waiting for posting at Admn. Branch"
"715","Waiting for Posting"
"716","Waiting for posting"
"717","Waiting for posting"
"718","Visiting Foreign Faculty Hostel"
"719","Visiting foreign Faculty"
"720","Hostel For Visiting Foreign Faculty"
"721","Vice-Chancellor’s Secretrait"
"722","Vice-Chancellor’s Secretariat"
"723","Vice-Chancellor’s Secretariat"
"724","Vice-Chancellor’s Secretariat"
"725","Vice-Chancellor’s Secretariat"
"726","Vice-Chancellor’s Secretariat"
"727","Vice Chancellor’s Secretariat"
"728","Vice Chancellor’s Secretariat"
"729","Vice-Chancellor’s Residence"
"730","Vice-Chancellor’s Residence"
"731","Vice-Chancellor’s House."
"732","Vice-Chancellor’s House"
"733","Vice-Chancellor’s House"
"734","Vice-Chancellor’s House"
"735","Vice-Chancellor’s House"
"736","Vice Chancellor's House"
"737","Vice Chancellor’s House"
"738","Vice Chancellor’s House"
"739","Vice Chancellor’s House"
"740","Vice Chancellor House"
"741","Vice-Chancellor’s Bungalow"
"742","Vice Chancellor’s Bungalow"
"743","Vice Secreterated"
"744","Vice Chancellor Office"
"745","Vice Chacellor Residence"
"746","VC Secretariat"
"747","VC Secretariat"
"748","VC Secretariat"
"749","VC Secretariat"
"750","VC Secretariat"
"751","VC Secretariat"
"752","V.C. Office"
"753","V.C. Office"
"754","V.C. Office"
"755","V.C. Office"
"756","V.C Office"
"757","V.C House"
"758","V.C House"
"759","V. C.  House"
"760","University of Sindh"
"761","University of Sindh"
"762","University of Sindh"
"763","Office of the Registrar, University of Sindh"
"764","Mini Hospital University of Sindh Jamshoro"
"765","Under Supension (at Admn. Off.)"
"766","Transport Section"
"767","Transport Section"
"768","Transport Section"
"769","Transport Section"
"770","Transport Section"
"771","Transport Section"
"772","Transport Section"
"773","Transport Section"
"774","Transport Section"
"775","Transport Section"
"776","Transport Section"
"777","Transport Section"
"778","Transport Section"
"779","Transport Section"
"780","Transport Section"
"781","Transport Section"
"782","Transport Section"
"783","Transport Section"
"784","Transport Section"
"785","Transport Section"
"786","Transport Section"
"787","Transport Section"
"788","Transport Section"
"789","Transport Section"
"790","Transport Section"
"791","Transport Section"
"792","Transport Section"
"793","Transport Section"
"794","Transport Section"
"795","Transport Section"
"796","Transport Section"
"797","Transport Section"
"798","Transport Section"
"799","Transport Section"
"800","Transport Section"
"801","Transport Section"
"802","Transport Section"
"803","Transport Section"
"804","Transport Section"
"805","Transport Section"
"806","Transport Section"
"807","Transport Section"
"808","Transport Section"
"809","Transport Section"
"810","Transport Section"
"811","Transport Section"
"812","Transport Section"
"813","Transport Section"
"814","Transport Section"
"815","Transport Section"
"816","Transport Section"
"817","Transport Section"
"818","Transport Section"
"819","Transport Section"
"820","Transport Section"
"821","Transport Section"
"822","Transport Section"
"823","Transport Section"
"824","Transport Section"
"825","Transport Section"
"826","Transport Section"
"827","Transport Section"
"828","Transport Section"
"829","Transport Section"
"830","Transport Section"
"831","Transport Section"
"832","Transport Section"
"833","Transport Section"
"834","Transport Section"
"835","Transport Section"
"836","Transport Section"
"837","Transport Section"
"838","Transport Section"
"839","Transport Section"
"840","Transport Section"
"841","Transport Section"
"842","Transport Section"
"843","Transport Section"
"844","Transport Section"
"845","Transport Section"
"846","Transport Section"
"847","Transport Section"
"848","Transport Section"
"849","Transport Section"
"850","Transport Section"
"851","Transport Section"
"852","Transport Section"
"853","Transport Section"
"854","Transport Section"
"855","Transport Section"
"856","Transport Section"
"857","Transport Section"
"858","Transport Section"
"859","Transport Section"
"860","Transport Section"
"861","Transport Section"
"862","Transport Section"
"863","Transport Section"
"864","Transport Section"
"865","Transport Section"
"866","Transport Section"
"867","Transport Section"
"868","Transport Section"
"869","Transport Section"
"870","Transport Section"
"871","Transport Section"
"872","Teachers’ Club"
"873","Teachers Hostel"
"874","Teachers Hostel"
"875","Teachers Hostel"
"876","Teachers Hostel"
"877","Teachers Hostel"
"878","Teachers Hostel"
"879","Syed Pannah Ali Shah Moel School"
"880","Syed Pannah Ali Shah Model School, Jamshoro"
"881","Syed Pannah Ali Shah Model School Jamshoro"
"882","Syed Pannah Ali Shah Model School"
"883","Syed Panah Ali Shah, Model School,"
"884","Syed Panah Ali Shah Model School, Jamshoro."
"885","Syed Panah Ali Shah Model School, Jamshoro."
"886","Syed Panah Ali Shah Model School, Jamshoro."
"887","Syed Panah Ali Shah Model School, Jamshoro."
"888","Syed Panah Ali Shah Model School, Jamshoro."
"889","Syed Panah Ali Shah Model School, Jamshoro."
"890","Syed Panah Ali Shah Model School, Jamshoro."
"891","Syed Panah Ali Shah Model School, Jamshoro."
"892","Syed Panah Ali Shah Model School, Jamshoro."
"893","Syed Panah Ali Shah Model School, Jamshoro"
"894","Syed Panah Ali Shah Model School, Jamshoro"
"895","Syed Panah Ali Shah Model School, Jamshoro"
"896","Syed Panah Ali Shah Model School, Jamshoro"
"897","Syed Panah Ali Shah Model School, Jamshoro"
"898","Syed Panah Ali Shah Model School, Jamshoro"
"899","Syed Panah Ali Shah Model School, Jamshoro"
"900","Syed Panah Ali Shah Model School, Jamshoro"
"901","Syed Panah Ali Shah Model School, Jamshoro"
"902","Syed Panah Ali Shah Model School, Jamshoro"
"903","Syed Panah Ali Shah Model School, Jamshoro"
"904","Syed Panah Ali Shah Model School, Jamshoro"
"905","Syed Panah Ali Shah Model School, Jamshoro"
"906","Syed Panah Ali Shah Model School,"
"907","Syed Panah Ali Shah Model School,"
"908","Syed Panah Ali Shah Model School,"
"909","Syed Panah Ali Shah Model School,"
"910","Syed Panah Ali Shah Model School,"
"911","Syed Panah Ali Shah Model School,"
"912","Syed Panah Ali Shah Model School,"
"913","Syed Panah Ali Shah Model School,"
"914","Syed Panah Ali Shah Model School,"
"915","Syed Panah Ali Shah Model School,"
"916","Syed Panah Ali Shah Model School,"
"917","Syed Panah Ali Shah Model School,"
"918","Syed Panah Ali Shah Model School,"
"919","Syed Panah Ali Shah Model School,"
"920","Syed Panah Ali Shah Model School,"
"921","Syed Panah Ali Shah Model School,"
"922","Syed Panah Ali Shah Model School,"
"923","Syed Panah Ali Shah Model School,"
"924","Syed Panah Ali Shah Model School,"
"925","Syed Panah Ali Shah Model School,"
"926","Syed Panah Ali Shah Model School,"
"927","Syed Panah Ali Shah Model School,"
"928","Syed Panah Ali Shah Model School,"
"929","Syed Panah Ali Shah Model School,"
"930","Syed Panah Ali Shah Model School,"
"931","Syed Panah Ali Shah Model School,"
"932","Syed Panah Ali Shah Model School,"
"933","Syed Panah Ali Shah Model School"
"934","Syed Panah Ali Shah Model School"
"935","Syed Panah Ali Shah Model School"
"936","Syed Panah Ali Shah Model School"
"937","Syed Ghulam Mustafa Shah Admin Building"
"938","Syed G.M.S. Admn. Building"
"939","SUC Mirpurkhas"
"940","SUC Larkana"
"941","SU Press Jamshoro"
"942","SU Laar Campus, Badin"
"943","SU Laar Campus Badin"
"944","SU Laar Campus Badin"
"945","SU Laar Campus Badin"
"946","SU Laar Campus Badin"
"947","Sindh University Laar Campus, Badin"
"948","Sindh University laar Campus, Badin"
"949","S.U.Laar Campus Badin"
"950","S.U. Laar Campus, Badin"
"951","S.U. Laar Campus Badin"
"952","S.U. Laar Campus Badin"
"953","S.U. Laar Campus Badin"
"954","S.U. Laar Campus Badin"
"955","S.U. Laar Campus Badin"
"956","S.U. Laar Campus Badin"
"957","S.U. Laar Campus Badin"
"958","S.U. Laar Campus Badin"
"959","S.U laar Campus, Badin"
"960","SU Eng. Wing"
"961","SU Colony, Jamshoro"
"962","SU Colony, Jamshoro"
"963","SU Colony, Jamshoro"
"964","SU Colony, Jamshoro"
"965","SU Colony, Jamshoro"
"966","Sindh University Colony, Jamshoro"
"967","Sindh University Colony, Jamshoro"
"968","Sindh University Colony, Jamshoro"
"969","Sindh University Colony, Jamshoro"
"970","Sindh University Colony, Jamshoro"
"971","S.U. Colony, Jamshoro"
"972","S.U Colony, Jamshoro"
"973","S. U. Colony, Jamshoro"
"974","S. U. Colony, Jamshoro"
"975","Student Union Office, S.U Boys Hostel"
"976","Statistics"
"977","Statistics"
"978","Deptt: of Statistics"
"979","Deptt. of Statistics"
"980","Dept. of Statistics"
"981","Department of Statistics"
"982","Department of Statistics"
"983","Department of Statistics"
"984","Department of Statistics"
"985","Department of Statistics"
"986","Department of Statistics"
"987","Department of Statistics"
"988","STAGS"
"989","SPAS Model School, Jamshoro"
"990","SMBBSUS Housing Scheme"
"991","Sindhology"
"992","Sindhology"
"993","Sindhology"
"994","Sindhology"
"995","Sindhology"
"996","Sindhology"
"997","Sindhology"
"998","Sindhology"
"999","Sindhology"
"1000","Instt: of Sindhology"
"1001","Instt: of Sindhology"
"1002","Instt: of Sindhology"
"1003","Instt: of Sindhology"
"1004","Instt: of Sindhology"
"1005","Instt. of Sindhology"
"1006","Instt. of Sindhology"
"1007","Institute of Sindhology"
"1008","Institute of Sindhology"
"1009","Institute of Sindhology"
"1010","Institute of Sindhology"
"1011","Institute of Sindhology"
"1012","Institute of Sindhology"
"1013","Institute of Sindhology"
"1014","Institute Of Sindhology"
"1015","Institute of Sindhology"
"1016","Institute of Sindhology"
"1017","Institute of Sindhology"
"1018","Institute of Sindhology"
"1019","Institute of Sindhology"
"1020","Institute of Sindhology"
"1021","Institute of Sindhology"
"1022","Institute of Sindhology"
"1023","Institute of Sindhology"
"1024","Institute of Sindhology"
"1025","Institute of Sindhology"
"1026","Institute of Sindhology"
"1027","Institute of Sindhology"
"1028","Institute of Sindhology"
"1029","Institute of Sindhology"
"1030","Institute of Sindhology"
"1031","Institute of Sindhology"
"1032","Institute of Sindhology"
"1033","Institute of Sindhology"
"1034","Institute of Sindhology"
"1035","Institute of Sindhology"
"1036","Institute of Sindhology"
"1037","Institute of Sindhology"
"1038","Institute of Sindhology"
"1039","Institute of Sindhology"
"1040","Institute of Sindhology"
"1041","Institute of Sindhology"
"1042","Institute of Sindhology"
"1043","Institute of Sindhology"
"1044","Institute of Sindhology"
"1045","Institute of Sindhology"
"1046","Institute of Sindhology"
"1047","Institute of Sindhology"
"1048","Institute of Sindhology"
"1049","Institute of Sindhology"
"1050","Institute of Sindhology"
"1051","Institute of Sindhology"
"1052","Institute of Sindhology"
"1053","Institute of Sindhology"
"1054","Institute of Sindhology"
"1055","Institute of Sindhology"
"1056","Institute of Sindhology"
"1057","Institute of Sindhology"
"1058","Institute of Sindhology"
"1059","Institute of Sindhology"
"1060","Institute of Sindhology"
"1061","Institute of Sindhology"
"1062","Institute of Sindhology"
"1063","Institute of Sindhology"
"1064","Institute of Sindhology"
"1065","Institute of Sindhology"
"1066","Institute of Sindhology"
"1067","Institute of Sindhology"
"1068","Institute of Sindhology"
"1069","Institute of SIndhology"
"1070","Institute of Sindhology"
"1071","Institute of Sindhology"
"1072","Institute of Sindhology"
"1073","Institute of Sindhology"
"1074","Inst. of Sindhology"
"1075","Inst. of Sindhology"
"1076","Inst. of Sindhology"
"1077","Institute of Sindhology"
"1078","Sindh University Telephone Exchange"
"1079","Sindh University Teachers Residence"
"1080","Sindh University Press,"
"1081","Sindh University Press,"
"1082","Sindh University Press,"
"1083","Sindh University Press"
"1084","Sindh University Press"
"1085","Sindh University Press"
"1086","Sindh University Press"
"1087","Sindh University Press"
"1088","Sindh University Press"
"1089","Sindh University Press"
"1090","Sindh University Press"
"1091","Sindh University Press"
"1092","Sindh University Press"
"1093","Sindh University Press"
"1094","Sindh University Press"
"1095","Sindh University Press"
"1096","Sindh University Press"
"1097","Sindh University Press"
"1098","Sindh University Press"
"1099","Sindh University Press"
"1100","Sindh University Press"
"1101","Sindh University Press"
"1102","Sindh University Press"
"1103","Sindh University Press"
"1104","Sindh University Press"
"1105","Sindh University Petroleum Service"
"1106","Sindh University Petroleum Service"
"1107","Sindh University Mirpurkhas Campus"
"1108","Sindh University Mini Hospital"
"1109","Sindh University Lar College At Badin"
"1110","Sindh University Laar Campus at Badin"
"1111","Sindh University Laar Campus at Badin"
"1112","Sindh University Laar Campus at Badin"
"1113","Sindh University Laar Campus at Badin"
"1114","Sindh University Laar Campus at Badin"
"1115","Sindh University Laar Campus at Badin"
"1116","Sindh University Laar Campus at Badin"
"1117","Sindh University Laar Campus at Badin"
"1118","Sindh University Girls Hostels"
"1119","Sindh University Girls Hostels"
"1120","Sindh University Girls Hostels"
"1121","Sindh University Girls Hostels"
"1122","Sindh University Girls Hostels"
"1123","Sindh University Girls Hostels"
"1124","Sindh University Girls Hostels"
"1125","Sindh University Girls Hostels"
"1126","Sindh University Girls Hostels"
"1127","Sindh University Girls Hostels"
"1128","Sindh University Girls Hostels"
"1129","Sindh University Girls Hostels"
"1130","Sindh University Girls Hostels"
"1131","Sindh University Girls Hostels"
"1132","Sindh University Girls Hostels"
"1133","Sindh University Girls Hostels"
"1134","Sindh University Girls Hostels"
"1135","Sindh University Girls Hostels"
"1136","Sindh University Girls Hostels"
"1137","Sindh University Girls Hostel"
"1138","Sindh University Girls Hostel"
"1139","Sindh University Girls Hostel"
"1140","Sindh University Colony"
"1141","Sindh University Colony"
"1142","Sindh University colony"
"1143","Sindh University Colony"
"1144","Sindh University Colony"
"1145","Sindh University Colony"
"1146","Sindh University Colony"
"1147","Sindh University Colony"
"1148","Sindh University Colony"
"1149","Sindh University Colony"
"1150","Sindh University Colony"
"1151","Sindh University Colony"
"1152","Sindh University Colony"
"1153","Sindh University Colony"
"1154","Sindh University Colony"
"1155","Sindh University Colony"
"1156","Sindh University Colony"
"1157","Sindh University Colony"
"1158","Sindh University Colony"
"1159","Sindh University Colony"
"1160","Sindh University Colony"
"1161","Sindh University Colony"
"1162","Sindh University Colony"
"1163","Sindh University Colony"
"1164","Sindh University Colony"
"1165","Sindh University Colony"
"1166","Sindh University Colony"
"1167","Sindh University Colony"
"1168","Sindh University Colony"
"1169","Sindh University Colony"
"1170","Sindh University Colony"
"1171","Jamia Masjid. Sindh University Colony"
"1172","Imam-e-Zamana Masjid, Sindh University Colony"
"1173","Bilal Masjid, Sindh University Colony"
"1174","Anjuman Behbood-e-Khawteen, Sindh University Colony"
"1175","Sindh University Campus, Mirpurkhas"
"1176","Sindh University Campus Mirpurkhas"
"1177","Sindh University Campus Mirpurkhas"
"1178","Sindh University Campus Mirpurkhas"
"1179","Sindh University Campus Mirpurkhas"
"1180","Sindh University Campus at Mirpurkhas"
"1181","Sindh University Campus at Mirpurkhas"
"1182","Sindh University Campus at Mirpurkhas"
"1183","Sindh University Campus at Mirpurkhas"
"1184","Sindh University Campus at Mirpurkhas"
"1185","Sindh University Campus at Mirpurkhas"
"1186","Sindh University Campus at Mirpurkhas"
"1187","Sindh University Campus, Dadu"
"1188","Sindh University Campus, Dadu"
"1189","Sindh University Campus, Dadu"
"1190","Sindh University Campus, Dadu"
"1191","Sindh University Campus, Dadu"
"1192","Sindh University Campus, Dadu"
"1193","Sindh University Campus, Dadu"
"1194","Sindh University Campus, Dadu"
"1195","Sindh University Campus Naushshro Feroze"
"1196","Sindh University Campus Dadu"
"1197","Mohtarma Benazir Bhutto Shaheed, Sindh University Campus at Dadu"
"1198","Mohtarma Benazir Bhutto Shaheed, Sindh University Campus at Dadu"
"1199","Mohtarma Benazir Bhutto Shaheed, Sindh University Campus at Dadu"
"1200","MBBS Sindh University Campus Dadu"
"1201","MBBS Sindh University Campus Dadu"
"1202","MBBS Sindh University Campus Dadu"
"1203","MBBS Sindh University Campus Dadu"
"1204","MBBS Sindh University Campus Dadu"
"1205","MBBS Sindh University Campus Dadu"
"1206","MBBS Sindh University Campus Dadu"
"1207","MBBS Sindh University Campus Dadu"
"1208","MBBS Sindh University Campus Dadu"
"1209","MBBS Sindh University Campus Dadu"
"1210","MBBS Sindh University Campus Dadu"
"1211","M.B.B.S. Sindh University Campus, Dadu"
"1212","Sindh University Campus Larkana"
"1213","Sindh University Campus Larkana"
"1214","Sindh University Campus Larkana"
"1215","Sindh University Boys Hostes"
"1216","Sindh University Boys Hostels Jamshoro"
"1217","Sindh University Boys Hostels Dispensary"
"1218","Sindh University Boys Hostels"
"1219","Sindh University Boys Hostels"
"1220","Sindh University Boys Hostels"
"1221","Sindh University Boys Hostels"
"1222","Sindh University Boys Hostels"
"1223","Sindh University Boys Hostels"
"1224","Sindh University Boys Hostels"
"1225","Sindh University Boys Hostels"
"1226","Sindh University Boys Hostels"
"1227","Sindh University Boys Hostels"
"1228","Sindh University Boys Hostels"
"1229","Sindh University Boys Hostels"
"1230","Sindh University Boys Hostels"
"1231","Sindh University Boys Hostels"
"1232","Sindh University Boys Hostels"
"1233","Sindh University Boys Hostels"
"1234","Sindh University Boys Hostels"
"1235","Sindh University Boys Hostels"
"1236","Sindh University Boys Hostels"
"1237","Sindh University Boys Hostels"
"1238","Sindh University Boys Hostels"
"1239","Sindh University Boys Hostels"
"1240","Sindh University Boys Hostels"
"1241","Sindh University Boys Hostels"
"1242","Sindh University Boys Hostels"
"1243","Sindh University Boys Hostels"
"1244","Sindh University Boys Hostels"
"1245","Sindh University Boys Hostels"
"1246","Sindh University Boys Hostels"
"1247","Sindh University Boys Hostels"
"1248","Sindh University Boys Hostels"
"1249","Sindh University Boys Hostels"
"1250","Sindh University Boys Hostels"
"1251","Sindh University Boys Hostels"
"1252","Sindh University Boys Hostels"
"1253","Sindh University Boys Hostels"
"1254","Sindh University Boys Hostels"
"1255","Sindh University Boys Hostels"
"1256","Sindh University Boys Hostels"
"1257","Sindh University Boys Hostels"
"1258","Sindh University Boys Hostels"
"1259","Sindh University Boys Hostels"
"1260","Sindh University Boys Hostel"
"1261","Shams ul Ulmama Mirza Kalich Beg Chair"
"1262","Shamas-ul-Ulma Mirza Qalich Baig Chair"
"1263","Shaheed Benzir Bhutto Staff Housing Scheme"
"1264","Shaheed Benazir. Bhutto International Boys Hostel"
"1265","Shaheed Benazir Bhutto, International Boys Hostel"
"1266","Shaheed Benazir Gallery"
"1267","Shaheed Benazir Bhutto International Hostel"
"1268","Shaheed Benazir Bhutto Chair & Convention Centre"
"1269","Shaheed Benazir Bhutto Chair & Convention Centre"
"1270","Shaeed Benazir Bhutto Chair & Convention center"
"1271","Shaheed Benazir Bhutto Chair"
"1272","SGMSAB, Jamshoro"
"1273","SGMS Administration Building"
"1274","SGMS Administration Building"
"1275","SDSC"
"1276","SDSC"
"1277","SDSC"
"1278","SBB Convention Center & Chair"
"1279","SAS SU Campus Naushahro Feroze"
"1280","SAS SU Campus Naushahro Feroze"
"1281","SAS SU Campus Naushahro Feroze"
"1282","S.U.Provost Boys"
"1283","S.U.Mirpur Khas Campus"
"1284","S.U.Colony"
"1285","S.U. Colony"
"1286","S.U. Colony"
"1287","S.U. Colony"
"1288","S.U. Colony"
"1289","S.U. Colony"
"1290","S.U. Colony"
"1291","S.U. Colony"
"1292","S.U. Colony"
"1293","S.U. Colony"
"1294","S.U. Colony"
"1295","S.U Colony"
"1296","S.U Colony"
"1297","S.U.Campus Dadu"
"1298","S.U Campus Dadu"
"1299","S.U.Boys Hostels"
"1300","S.U.Boys Hostels"
"1301","S.U.Boys Hostel"
"1302","S.U. Boys Hostels"
"1303","S.U. Boys Hostels"
"1304","S.U. Boys Hostels"
"1305","S.U. Boys Hostels"
"1306","S.U. Boys Hostels"
"1307","S.U. Boys Hostels"
"1308","S.U. Boys Hostels"
"1309","S.U. Boys Hostels"
"1310","S.U. Boys Hostels"
"1311","S.U. Boys Hostels"
"1312","S.U. Boys Hostels"
"1313","S.U. Boys Hostel"
"1314","S.U. Boys Hostel"
"1315","S.U Boys Hostels"
"1316","S.U Boys Hostels"
"1317","S.U Boys Hostel"
"1318","S. U. Boys Hostels"
"1319","S. U. Boys Hostels"
"1320","Provost’s office, S.U Boys Hostels"
"1321","S.U. Model School, Hyd."
"1322","S.U. Mini Hospital, Jamshoro"
"1323","S.U. Mini Hospital, Jamshoro"
"1324","S.U. Mini Hospital"
"1325","S.U. Laar College at Badin"
"1326","S.U. Laar College at Badin"
"1327","S. U. Colony"
"1328","S. U. Colony"
"1329","Jamia Masjid S. U. Colony"
"1330","S.U. Campus, Mirpurkhas"
"1331","S.U. Campus, Mirpurkhas"
"1332","S. U. Campus Mirpurkhas"
"1333","S.U. Campus, Larkana"
"1334","S.U. Campus, Bhitshah"
"1335","S.U. Campus, Bhitshah"
"1336","s.u. Boys Hostel Jamshoro"
"1337","S.U Teacher Residence/Hostel"
"1338","S.U Research Journal"
"1339","S.U Petrolium/CNG Station"
"1340","MBBSU Campus, Dadu"
"1341","MBBS Campus Dadu"
"1342","S.P.A.Shah Model School,"
"1343","S.P.A.S. Model School"
"1344","S.P.A.S Model School Jamshoro"
"1345","S.G.M.Shah Admn. Building"
"1346","S.G.M.Shah Admn. Building"
"1347","S.G.M.Shah Admn. Building"
"1348","S.G.M.S. Admn. Building"
"1349","S.G.M.S. Admn. Building"
"1350","S.G.M.S. Admn. Building"
"1351","S.G.M.S. Admn: Building"
"1352","S.G.M.S. Admn: Building"
"1353","S.G.M.S. Admin. Building"
"1354","S.G.M.S. Admn: Building"
"1355","S. U. Press, Hyd:"
"1356","S. U. Campus at Mirpurkhas"
"1357","S. U. Campus at Mirpurkhas"
"1358","S. B. Bhutto International B. Hostel"
"1359","Research General @ HITECH"
"1360","Research & Graduate Studies"
"1361","Reseach & Graduate Studies"
"1362","Office Research & Graduate Studies"
"1363","Office of the Director, Research & Graduate Studies"
"1364","Director, Research Graduate Studies"
"1365","Director, Research & Graduate Studies"
"1366","Dean, Research Graduate Studies"
"1367","Dean, Research & Graduate studies."
"1368","Dean Research Graduate Studies"
"1369","Dean Research & Graduate Studies"
"1370","Registrar’s Office"
"1371","Registrar’s Office"
"1372","Registrar Office"
"1373","Registrar Office"
"1374","Registrar Office"
"1375","Registrar office"
"1376","Registrar"
"1377","Quality Enhancement Cell"
"1378","Quality Enhancement Cell"
"1379","Quality Enhancement Cell"
"1380","Quality Enhancement Cell"
"1381","Purchase Stores Section"
"1382","Purchase Store Section"
"1383","Purchase & Stores Section"
"1384","Purchase & Stores Section"
"1385","Purchase & Stores Section"
"1386","Purchase & Store Section"
"1387","Purchase & Store Section"
"1388","Purchase & Store Section"
"1389","Purchase & Store Section"
"1390","Purchase & Store Section"
"1391","Purchase and Stores Section"
"1392","Purchase and Store Section"
"1393","Purchase & Stores Office"
"1394","PSO Office"
"1395","Provost’s office, Boys Hostels"
"1396","Provost office , Boys Hostels"
"1397","Provost’s Office"
"1398","Provost Office Boys Hostel"
"1399","Provost Office"
"1400","Provost Office"
"1401","Provost Office"
"1402","Provost Office"
"1403","Provost Office"
"1404","Provost office"
"1405","Provost office"
"1406","Provost office"
"1407","Provost office"
"1408","Provost office"
"1409","Provost office"
"1410","Provost office"
"1411","Pro-Vice-Chancellor’s office, S.U. Campus at Badin"
"1412","Post Graduate Girls Hosel"
"1413","Pol. Science"
"1414","Pharmacy"
"1415","Pharmacy"
"1416","Office of the Dean, Faculty of Pharmacy"
"1417","Office of the Dean, Faculty of Pharmacy"
"1418","Office of Dean, Faculty of Pharmacy"
"1419","Masjid at Faculty of Pharmacy"
"1420","Faculty of Pharmacy"
"1421","Faculty of Pharmacy"
"1422","Faculty of Pharmacy"
"1423","Faculty of Pharmacy"
"1424","Faculty of Pharmacy"
"1425","Faculty of Pharmacy"
"1426","Faculty of Pharmacy"
"1427","Deptt: of Pharmacology"
"1428","Deptt. of Pharmacy"
"1429","Deptt. of Pharmacy"
"1430","Dean, Faculty of Pharmacy"
"1431","Dean, F. of Pharmacy"
"1432","Dean Faculty of Pharmacy"
"1433","Pannah Ali Shah Model School"
"1434","P.R.O. Section"
"1435","P.R Section"
"1436","P & Beautification Wing"
"1437","P & Beautification Wing"
"1438","ORIC"
"1439","Office of the ORIC"
"1440","Office of the ORIC"
"1441","Office of the Web Administrator"
"1442","Office of the Web Administrator"
"1443","Office of the S U T A."
"1444","Office of the Pro-Vice chancellor"
"1445","Office of the IRJAH"
"1446","Office of the Inspector of Colleges"
"1447","Office of the Inspector of Colleges"
"1448","Office of the Dean, Faculty of Social Sciences"
"1449","Office of the Dean, Faculty of Commerce"
"1450","Office of the Dean, Faculty of Arts"
"1451","Office of the Dean, Faculty of Arts"
"1452","Office of the Dean, Faculty of Arts"
"1453","Office of the Dean Faculty of Arts"
"1454","Office of the Dean, Commerce"
"1455","Office of the Dean, Arts Faculty Building"
"1456","Office of Research, Innovation & Comercialization"
"1457","Office of Director Graduate Studies"
"1458","O.R.I.C."
"1459","NFDEC Hyderabad"
"1460","Naushehro Feroze"
"1461","Naushehro Feroz Campus"
"1462","Naushahro Feroze Campus"
"1463","Mohtarma Benazir Bhutto Shaheed Campus"
"1464","Mohtarma Benazir Bhutto Shaheed Campus"
"1465","Model School, S. U. Jamshoro"
"1466","Model School, Hyderabad"
"1467","Model School, Hyderabad"
"1468","Model School, Hyderabad"
"1469","Model School, Hyderabad"
"1470","Model School Hyderabad"
"1471","Model School Hyderabad"
"1472","Dr.N.A. Baloch Model School Hyderabad."
"1473","Dr.N.A. Baloch Model School Hyderabad."
"1474","Dr.N.A. Baloch Model School Hyderabad"
"1475","Dr.N.A. Baloch Model School Hyderabad"
"1476","Dr.N.A. Baloch Model School Hyderabad"
"1477","Dr.N.A. Baloch Model School Hyderabad"
"1478","Dr.N.A. Baloch Model School Hyderabad"
"1479","Dr.N.A. Baloch Model School Hyderabad"
"1480","Dr.N.A. Baloch Model School Hyderabad"
"1481","Dr.N.A. Baloch Model School Hyderabad"
"1482","Dr.N.A. Baloch Model School Hyderabad"
"1483","Dr.N.A. Baloch Model School Hyderabad"
"1484","Dr.N.A. Baloch Model School Hyderabad"
"1485","Dr.N.A. Baloch Model School Hyderabad"
"1486","Dr.N.A. Baloch Model School Hyderabad"
"1487","Dr.N.A. Baloch Model School Hyderabad"
"1488","Dr.N.A. Baloch Model School Hyderabad"
"1489","Dr.N.A. Baloch Model School Hyderabad"
"1490","Dr.N.A. Baloch Model School Hyderabad"
"1491","Dr.N.A. Baloch Model School Hyderabad"
"1492","Dr.N.A. Baloch Model School Hyderabad"
"1493","Dr.N.A. Baloch Model School Hyderabad"
"1494","Dr.N.A. Baloch Model School Hyderabad"
"1495","Dr.N.A. Baloch Model School Hyderabad"
"1496","Dr.N.A. Baloch Model School Hyderabad"
"1497","Dr.N.A. Baloch Model School Hyderabad"
"1498","Dr.N.A. Baloch Model School Hyderabad"
"1499","Dr.N.A. Baloch Model School Hyderabad"
"1500","Dr.N.A. Baloch Model School Hyderabad"
"1501","Dr.N.A. Baloch Model School Hyderabad"
"1502","Dr.N.A. Baloch Model School Hyderabad"
"1503","Dr.N.A. Baloch Model School Hyderabad"
"1504","Dr.N.A. Baloch Model School Hyderabad"
"1505","Dr.N.A. Baloch Model School Hyderabad"
"1506","Dr.N.A. Baloch Model School Hyderabad"
"1507","Dr.N.A. Baloch Model School Hyderabad"
"1508","Dr.N.A. Baloch Model School Hyderabad"
"1509","Dr.N.A. Baloch Model School Hyderabad"
"1510","Dr.N.A. Baloch Model School Hyderabad"
"1511","Dr.N.A. Baloch Model School Hyderabad"
"1512","Dr.N.A. Baloch Model School Hyderabad"
"1513","Dr.N.A. Baloch Model School Hyderabad"
"1514","Dr.N.A. Baloch Model School Hyderabad"
"1515","Dr.N.A. Baloch Model School Hyderabad"
"1516","Dr.N.A. Baloch Model School Hyderabad"
"1517","Dr.N.A. Baloch Model School Hyderabad"
"1518","Dr.N.A. Baloch Model School Hyderabad"
"1519","Dr.N.A. Baloch Model School Hyderabad"
"1520","Dr.N.A. Baloch Model School Hyderabad"
"1521","Dr.N.A. Baloch Model School Hyderabad"
"1522","Dr.N.A. Baloch Model School Hyderabad"
"1523","Dr.N.A. Baloch Model School Hyderabad"
"1524","Dr.N.A. Baloch Model School Hyderabad"
"1525","Dr.N.A. Baloch Model School Hyderabad"
"1526","Dr.N.A. Baloch Model School Hyderabad"
"1527","Dr.N.A. Baloch Model School Hyderabad"
"1528","Dr.N.A. Baloch Model School Hyderabad"
"1529","Dr.N.A. Baloch Model School Hyderabad"
"1530","Dr.N.A. Baloch Model School Hyderabad"
"1531","Dr.N.A. Baloch Model School Hyderabad"
"1532","Dr.N.A. Baloch Model School Hyderabad"
"1533","Dr.N.A. Baloch Model School Hyderabad"
"1534","Dr.N.A. Baloch Model School Hyderabad"
"1535","Dr.N.A. Baloch Model School Hyderabad"
"1536","Dr.N.A. Baloch Model School Hyderabad"
"1537","Dr. N.A. Baloch Model School, Hyderabad"
"1538","Dr. N.A Baloch, Model School, Hyderabad"
"1539","Dr. N. A. Baloch, Model School, Hyderabad"
"1540","Dr. N. A. Baloch Model School Hyderabad"
"1541","Dr. N. A. Baloch Model School Hyderabad"
"1542","Dr. N. A. Baloch Model School Hyderabad"
"1543","Dr. N. A. Baloch Model School Hyderabad"
"1544","Dr. N. A. Baloch Model School Hyderabad"
"1545","Dr. N. A. Baloch Model School Hyderabad"
"1546","Dr. N. A. Baloch Model School Hyderabad"
"1547","Dr. N. A. Baloch Model School Hyderabad"
"1548","Dr. N. A. Baloch Model School Hyderabad"
"1549","Dr. N. A. Baloch Model School Hyderabad"
"1550","Dr. N. A. Baloch Model School Hyderabad"
"1551","Model School, Hyd:"
"1552","Model School, Hyd."
"1553","Model School Hyd"
"1554","Dr.N.A.Baloch Model School Hyd."
"1555","Dr. N.A. Baloch Model School Hyd"
"1556","Dr. N. A Baloch Model School Hyd."
"1557","D. N.A Baloch Model School, Hyd."
"1558","Model School Jamshoro"
"1559","Model School Jamshoro"
"1560","Mirpurkhas Campuse"
"1561","Mirpurkhas Campus"
"1562","Mirpurkhas Campus"
"1563","Mirpurkhas Campus"
"1564","Mirpurkhas Campus"
"1565","Mirpur khas Campus"
"1566","Mirpur khas Campus"
"1567","Mini Hospital"
"1568","Mini Hospital"
"1569","Mini Hospital"
"1570","Microbiology"
"1571","Instt:of  Microbiology"
"1572","Institute of Microbiology"
"1573","Institute of Microbiology"
"1574","Institute of Microbiology"
"1575","Institute of Microbiology"
"1576","Inst. of Microbiology"
"1577","Deptt: of Microbiology"
"1578","Dept. of Microbiology"
"1579","Department of Micro-Biology"
"1580","Department of Microbiology"
"1581","Department of Microbiology"
"1582","Department of Microbiology"
"1583","Department of Microbiology"
"1584","Department of Microbiology"
"1585","Department of Microbiology"
"1586","Department of Microbiology"
"1587","Department of Microbiology"
"1588","MCs Mc"
"1589","MBBSC Dadu"
"1590","MBBSC Dadu"
"1591","MBBSC Dadu"
"1592","MBBSC Dadu"
"1593","MBBSC Dadu"
"1594","Marui Hostel"
"1595","Marui Hostel"
"1596","Marui Hostel"
"1597","Marui Hostel"
"1598","Marui Hostel"
"1599","Marui Hostel"
"1600","Marui Hostel"
"1601","Maintenance & Custodial"
"1602","Directorate of Maintenance Custodial, Management facilities Coordination"
"1603","M.C.M.C"
"1604","Larkana Campus"
"1605","Larkana Campus"
"1606","Larkana Campus"
"1607","Lal Shahbaz Hostel"
"1608","Laar College at Badin"
"1609","Laar Campus Badin"
"1610","Laar Campus at Badin"
"1611","Khan Bahadur Syed Allahando Shah Hostel"
"1612","Khan Bahadur Syed Allahando Shah Hostel"
"1613","Khan Bahadur Syed Allahando Shah Hostel"
"1614","Khan Bahadur Syed Allahando Shah Boys Hostel"
"1615","Khan Bahadur Syed Allahando Shah Boys Hostel"
"1616","IT Service Centre @ HITECH"
"1617","ISO Cell"
"1618","ISO"
"1619","Internet Centre"
"1620","International Hostel"
"1621","International Boys Hostel"
"1622","International Boys Hostel"
"1623","Instt: of English Language & Literature"
"1624","Instt: of English Language & Literature"
"1625","Institute of English Language & Literature"
"1626","Institute of English Language & Literature"
"1627","Institute of English Language & Literature"
"1628","Institute of English Language & Literature"
"1629","Institute of English Language & Literature"
"1630","Institute of English Language & Literature"
"1631","Inst. Of English Languages & Literature"
"1632","Inst. Of English Languages & Literature"
"1633","Inst. Of English Languages & Literature"
"1634","Instt: of Business Admn."
"1635","Instt: of Business Administration"
"1636","Institute of Business Administration"
"1637","Institute of Business Administration"
"1638","Institute of Business Administration"
"1639","Institute of Business Administration"
"1640","Institute of Business Administration"
"1641","Institute of Business Administration"
"1642","Institute of Business Administration"
"1643","Inst. of Business Administration"
"1644","Instt: of Art & Design"
"1645","Inst. of Art & Design."
"1646","Inst. of Art & Design"
"1647","Instt: of  Commerce & Business Administration"
"1648","Instt:  Of Commerce"
"1649","Instt. of Chemistry"
"1650","Dr. M.A. Kazi Instt: of Chemistry"
"1651","Dr. M.A. Kazi  Inst. of Chemistry"
"1652","Institute of English"
"1653","Institute of Commerce"
"1654","Institute of Commerce"
"1655","Institute of Commerce"
"1656","Institute of Commerce"
"1657","Institute of Commerce"
"1658","Institute of Commerce"
"1659","Institute of Commerce"
"1660","Institute of Commerce"
"1661","Institute of Commerce"
"1662","Institute of Commerce"
"1663","Institute of  Commerce"
"1664","Institute of Business Admn."
"1665","Institute of Business Adminstration"
"1666","Institute of Business Adminstration"
"1667","Institute of Business Adminstration"
"1668","Institute of Artsw & Design"
"1669","Institute of Arts & Design"
"1670","Institute of Arts & Design"
"1671","Institute of Arts & Design"
"1672","Institute of Arts & Design"
"1673","Institute of Arts & Design"
"1674","Institute of Arts & Design"
"1675","Institute of Arts & Design"
"1676","Institute of Art & Design"
"1677","Institute of Art & Design"
"1678","Institute of Art & Design"
"1679","Institute of Arts and Deigns"
"1680","Inst. Of Physiology"
"1681","Inst. of Commerce"
"1682","Inst. of Commerce"
"1683","Inspector of Colleges"
"1684","Inspector of Colleges"
"1685","Inspector of Colleges"
"1686","Inspector of Colleges"
"1687","IBA"
"1688","I.T. Service Centre at High Tech."
"1689","I.T Service Centre at High Tech."
"1690","I.T Services Center"
"1691","I.B.S."
"1692","I.B.A"
"1693","High Tech Central Resources Laboratory"
"1694","Gymnastic hall"
"1695","Gymnastic Academy Hall"
"1696","Guest House"
"1697","Guest House"
"1698","Guest House"
"1699","Foreign Faculty hostel / Guest House"
"1700","Graduated Studies"
"1701","Director Graduate Studies"
"1702","Girls Hostels"
"1703","Girls Hostels"
"1704","Girls Hostels"
"1705","Girls Hostel"
"1706","Girls Common Room, Arts Faculty Building"
"1707","Ghulam Mustafa Shah Admin. Building"
"1708","General Branch (Teach)"
"1709","General Branch"
"1710","General Branch"
"1711","General Branch"
"1712","General Branch"
"1713","General Branch"
"1714","General Branch"
"1715","General Branch"
"1716","General Branch"
"1717","General Branch"
"1718","General Branch"
"1719","General Branch"
"1720","General Branch"
"1721","General Branch"
"1722","General Branch"
"1723","Fresh Water Biology & Fisheries"
"1724","Department of Fresh Water Biology And Fishries"
"1725","Department of Fresh Water Biology & Fisheries"
"1726","Department of Fresh Water Biology & Fisheries"
"1727","Department of Fresh Water Biology & Fisheries"
"1728","Department of Fresh Water Biology & Fisheries"
"1729","Department of Fresh Water Biology & Fisheries"
"1730","Department of Fresh Water Biology & Fisheries"
"1731","Fresh Water Biology"
"1732","Fresh Water Biology"
"1733","Deptt: of Fresh Water Biology & F."
"1734","Forgein Faculty Hostel"
"1735","Forgein Faculty Hostel"
"1736","Foreign Faculty Hostel"
"1737","Foreign Faculty Hostel"
"1738","Foreign Faculty Hostel"
"1739","Finance Wing"
"1740","Finance Wing"
"1741","Finance Wing"
"1742","Finance Wing"
"1743","Finance Wing"
"1744","Finance Wing"
"1745","Finance Wing"
"1746","Finance Wing"
"1747","Finance Wing"
"1748","Finance Wing"
"1749","Finance Wing"
"1750","Finance Wing"
"1751","Finance Wing"
"1752","Finance Wing"
"1753","Finance Wing"
"1754","Finance Wing"
"1755","Finance Wing"
"1756","Finance Wing"
"1757","Finance Wing"
"1758","Finance Wing"
"1759","Finance Wing"
"1760","Finance Wing"
"1761","Finance Wing"
"1762","Finance Wing"
"1763","Finance Wing"
"1764","Finance Wing"
"1765","Finance Wing"
"1766","Finance Wing"
"1767","Finance Wing"
"1768","Finance Wing"
"1769","Finance Wing"
"1770","Finance Wing"
"1771","Finance Wing"
"1772","Finance Wing"
"1773","Finance Wing"
"1774","Finance Wing"
"1775","Finance Wing"
"1776","Finance Wing"
"1777","Finance Wing"
"1778","Finance Wing"
"1779","Finance Wing"
"1780","Finance Wing"
"1781","Finance Wing"
"1782","Finance Wing"
"1783","Finance Wing"
"1784","Finance Wing"
"1785","Finance Wing"
"1786","Finance Wing"
"1787","Finance Wing"
"1788","Finance Wing"
"1789","Finance Wing"
"1790","Finance Wing"
"1791","Finance Wing"
"1792","Finance Wing"
"1793","Finance Wing"
"1794","Finance Wing"
"1795","Finance Wing"
"1796","Finance Wing"
"1797","Finance Wing"
"1798","Finance Wing"
"1799","Finance Wing"
"1800","Federal Government Boys Hostel"
"1801","Faculty of Social Science"
"1802","Faculty of Educ:"
"1803","DDCCE, Faculty of Edu:, Hyderabad"
"1804","Faculty of Ats"
"1805","Dean, Faculty of Arts"
"1806","Dean Faculty of Arts"
"1807","Facilitation Cell Group Insurance"
"1808","Facilitation Cell for Group Health Insurance"
"1809","Exams. Wing"
"1810","Exam. Wing. Semester"
"1811","Exam. Wing. Semester"
"1812","Examiniations Wing"
"1813","Examinations Wing (Semester)"
"1814","Examinations Wing (Semester)"
"1815","Examinations Wing (Semester)"
"1816","Examinations Wing (Semester)"
"1817","Examinations Wing (Semester)"
"1818","Examinations Wing (S)"
"1819","Examinations Wing (S)"
"1820","Examinations Wing (A)"
"1821","Examinations Wing (A)"
"1822","Examinations WIng"
"1823","Examinations Wing"
"1824","Examinations Wing"
"1825","Examinations Wing"
"1826","Examinations Wing"
"1827","Examinations Wing"
"1828","Examinations Wing"
"1829","Examinations Wing"
"1830","Examinations Wing"
"1831","Examinations Wing"
"1832","Examinations Wing"
"1833","Examinations Wing"
"1834","Examinations Wing"
"1835","Examinations Wing"
"1836","Examinations Wing"
"1837","Examinations Wing"
"1838","Examinations Wing"
"1839","Examinations Wing"
"1840","Examinations Wing"
"1841","Examinations Wing"
"1842","Examinations Wing"
"1843","Examinations Wing"
"1844","Examinations Wing"
"1845","Examinations Wing"
"1846","Examinations Wing"
"1847","Examination Wing(Semester)"
"1848","Examination Wing Semester"
"1849","Examination Wing Semester"
"1850","Examination Wing (Semester)"
"1851","Examination Wing (Semester)"
"1852","Examination Wing (sec.Section)"
"1853","Examination Wing"
"1854","Examination Wing"
"1855","Examination Wing"
"1856","Examination Wing"
"1857","Examination Wing"
"1858","Examination Wing"
"1859","Examination Wing"
"1860","Estate Office"
"1861","Elsa Kazi Campus, hyderabad"
"1862","Elsa Kazi Campus, Hyderabad"
"1863","Elsa Kazi Campus, Hyderabad"
"1864","Elsa Kazi Campus Hyderabad"
"1865","Elsa kazi campus hyderabad"
"1866","Elsa Kazi Campus Hyderabad"
"1867","Elsa Kazi Campus Hyderabad"
"1868","Elsa Kazi Campus Hyderabad"
"1869","Elsa Kazi Campus Hyderabad"
"1870","Elsa Kazi Campus, Hyd."
"1871","EK Campus, Hyderabad"
"1872","Dr. Shams Abbasi Post Graduate"
"1873","Dr. NABMS Hyderabad"
"1874","Dr. NABMS Hyderabad"
"1875","Dr. N.A.Baloch"
"1876","Dr. N. A. Baloch, Model School"
"1877","Dr. N. A. Baloch Model School"
"1878","Dr. N. A. Baloch Model School"
"1879","Dr. M.A. Kazi Institute of Chemistry"
"1880","Dr. M.A Kazi Institute of Chemistry"
"1881","Dr. M. A. Kazi Institute of Chemistry"
"1882","Dr. M. A. Kazi Institute of Chemistry"
"1883","Dr. M. A. Kazi Institute of Chemistry"
"1884","Dr. M. A. Kazi Institute of Chemistry"
"1885","Dr. M. A. Kazi Institute of Chemistry"
"1886","Dr. M. A. Kazi Institute of Chemistry"
"1887","Dr. M. A. Kazi Institute of Chemistry"
"1888","Dr. M. A. Kazi Institute of Chemistry"
"1889","Dr. M. A. Kazi Institute of Chemistry"
"1890","Dr. M. A. Kazi Institute of Chemistry"
"1891","Dr. M. A. Kazi Institute of Chemistry"
"1892","Dr. M. A. Kazi Institute of Chemistry"
"1893","Dr. M. A. Kazi Institute of Chemistry"
"1894","Dr. M. A. Kazi Institute of Chemistry"
"1895","Dr. M. A. Kazi Institute of Chemistry"
"1896","Dr. M. A. Kazi Institute of Chemistry"
"1897","Dr. M. A. Kazi Institute of Chemistry"
"1898","Dr. M. A. Kazi Institute of Chemistry"
"1899","Dr. M. A. Kazi Institute of Chemistry"
"1900","Dr. M. A. Kazi Institute of Chemistry"
"1901","Dr. M. A. Kazi Institute of Chemistry"
"1902","Dr. M. A. Kazi Institute of Chemistry"
"1903","Dr. M. A. Kazi Institute of Chemistry"
"1904","Dr. M. A. Kazi Institute of Chemistry"
"1905","Dr. M. A. Kazi Institute of Chemistry"
"1906","Dr. M. A Kazi Institute of Chemistry"
"1907","Dr. M. A Kazi Institute of Chemistry"
"1908","Dr M.A. Kazi Institute of Chemistry"
"1909","Dr. M.A Kazi Chemistry"
"1910","DMCMC"
"1911","DMCMC"
"1912","DMCMC"
"1913","DMCMC"
"1914","DMCMC"
"1915","DMCMC"
"1916","Directorate of Maintenance"
"1917","Directorate of Maintenance"
"1918","Directorate of Estates"
"1919","Directorate of Estates"
"1920","Directorate of Estates"
"1921","Directorate of Estates"
"1922","Directorate of Estates"
"1923","Directorate of Estates"
"1924","Directorate of Estates"
"1925","Directorate of Estates"
"1926","Directorate of Estates"
"1927","Directorate of Estates"
"1928","Directorate of Estates"
"1929","Directorate of Estate"
"1930","Directorate of Colleges"
"1931","Directorate of Campus Security"
"1932","Directorate of Campus Security"
"1933","Directorate of Campus Security"
"1934","Directorate of Campus Security"
"1935","Directorate of Campus Security"
"1936","Directorate of Campus Security"
"1937","Directorate of Campus Security"
"1938","Directorate of Campus Security"
"1939","Directorate of Campus Security"
"1940","Directorate of Campus Security"
"1941","Directorate of Campus Security"
"1942","Directorate of Campus Security"
"1943","Directorate of Campus Security"
"1944","Directorate of Campus Security"
"1945","Directorate of Campus Security"
"1946","Directorate of Campus Security"
"1947","Directorate of Campus Security"
"1948","Directorate of Campus Security"
"1949","Directorate of Campus Security"
"1950","Directorate of Campus Security"
"1951","Directorate of Campus Security"
"1952","Directorate of Campus Security"
"1953","Directorate of Campus Security"
"1954","Directorate of Campus Security"
"1955","Directorate of Campus Security"
"1956","Directorate of Campus Security"
"1957","Directorate of Campus Security"
"1958","Directorate of Campus Security"
"1959","Directorate of Campus Security"
"1960","Directorate of Campus Security"
"1961","Directorate of Campus Security"
"1962","Directorate of Campus Security"
"1963","Directorate of Campus Security"
"1964","Directorate of Campus Security"
"1965","Directorate of Campus Security"
"1966","Directorate of Campus Security"
"1967","Directorate of Campus Security"
"1968","Directorate of Campus Security"
"1969","Directorate of Campus Security"
"1970","Directorate of Campus Security"
"1971","Directorate of Campus Security"
"1972","Directorate of Campus Security"
"1973","Directorate of Campus Security"
"1974","Directorate of Campus Security"
"1975","Directorate of Campus Security"
"1976","Directorate of Campus Security"
"1977","Directorate of Campus Security"
"1978","Directorate of Campus Security"
"1979","Directorate of Campus Security"
"1980","Directorate of Campus Security"
"1981","Directorate of Campus Security"
"1982","Directorate of Campus Security"
"1983","Directorate of Campus Security"
"1984","Directorate of Campus Security"
"1985","Directorate of Campus Security"
"1986","Directorate of Campus Security"
"1987","Directorate of Campus Security"
"1988","Directorate of Campus Security"
"1989","Directorate of Campus Security"
"1990","Directorate of Campus Security"
"1991","Directorate of Campus Security"
"1992","Directorate of Campus Security"
"1993","Directorate of Campus Security"
"1994","Directorate of Campus Security"
"1995","Directorate of Campus Security"
"1996","Directorate of Campus Security"
"1997","Directorate of Campus Security"
"1998","Directorate of Campus Security"
"1999","Directorate of Campus Security"
"2000","Directorate of Campus Security"
"2001","Directorate of Campus Security"
"2002","Directorate of Campus Security"
"2003","Directorate of Campus Security"
"2004","Directorate of Campus Security"
"2005","Directorate of Campus Security"
"2006","Directorate of Campus Security"
"2007","Directorate of Campus Security"
"2008","Directorate of Campus Security"
"2009","Directorate of Campus Security"
"2010","Directorate of Campus Security"
"2011","Directorate of Campus Security"
"2012","Directorate of Campus Security"
"2013","Directorate of Campus Security"
"2014","Directorate of Campus Security"
"2015","Directorate of Campus Security"
"2016","Directorate of Campus Security"
"2017","Directorate of Campus Security"
"2018","Directorate of Campus Security"
"2019","Directorate of Campus Security"
"2020","Directorate of Campus Security"
"2021","Directorate of Campus Security"
"2022","Directorate of Campus Security"
"2023","Directorate of Campus Security"
"2024","Directorate of Campus Security"
"2025","Directorate of Campus Security"
"2026","Directorate of Campus Security"
"2027","Directorate of Campus Security"
"2028","Directorate of Campus Security"
"2029","Directorate of Campus Security"
"2030","Directorate of Campus Security"
"2031","Directorate of Campus Security"
"2032","Directorate of Campus Security"
"2033","Directorate of Campus Security"
"2034","Directorate of Campus Security"
"2035","Directorate of Campus Security"
"2036","Directorate of Campus Security"
"2037","Directorate of Campus Security"
"2038","Directorate of Campus Security"
"2039","Directorate of Campus Security"
"2040","Directorate of Campus Security"
"2041","Directorate of Campus Security"
"2042","Directorate of Campus Security"
"2043","Directorate of Campus Security"
"2044","Directorate of Campus Security"
"2045","Directorate of Campus Security"
"2046","Directorate of Campus Security"
"2047","Directorate of Campus Security"
"2048","Directorate of Campus Security"
"2049","Directorate of Campus Security"
"2050","Directorate of Campus Security"
"2051","Directorate of Campus Security"
"2052","Directorate of Campus Security"
"2053","Directorate of Campus Security"
"2054","Directorate of Campus Security"
"2055","Directorate of Campus Security"
"2056","Directorate of Campus Security"
"2057","Directorate of Campus Security"
"2058","Directorate of Campus Security"
"2059","Directorate of Campus Security"
"2060","Directorate of Campus Security"
"2061","Directorate of Campus Security"
"2062","Directorate of Campus Security"
"2063","Directorate of Campus Security"
"2064","Directorate of Campus Security"
"2065","Directorate of Campus Security"
"2066","Directorate of Campus Security"
"2067","Directorate of Campus Security"
"2068","Directorate of Campus Security"
"2069","Directorate of Campus Security"
"2070","Directorate of Campus Security"
"2071","Directorate of Campus Security"
"2072","Directorate of Campus Security"
"2073","Directorate of Campus Security"
"2074","Directorate of Campus Security"
"2075","Directorate of Campus Security"
"2076","Directorate of Campus Security"
"2077","Directorate of Campus Security"
"2078","Directorate of Campus Security"
"2079","Directorate of Campus Security"
"2080","Directorate of Campus Security"
"2081","Directorate of Campus Security"
"2082","Directorate of Campus Security"
"2083","Directorate of Campus Security"
"2084","Directorate of Campus Security"
"2085","Directorate of Campus Security"
"2086","Directorate of Campus Security"
"2087","Directorate of Campus Security"
"2088","Directorate of Campus Security"
"2089","Directorate of Campus Security"
"2090","Directorate of Campus Security"
"2091","Directorate of Campus Security"
"2092","Directorate of Campus Security"
"2093","Directorate of Campus Security"
"2094","Directorate of Campus Security"
"2095","Directorate of Campus Security"
"2096","Directorate of Campus Security"
"2097","Directorate of Campus Security"
"2098","Directorate of Campus Security"
"2099","Directorate of Campus Security"
"2100","Directorate of Campus Security"
"2101","Directorate of Campus Security"
"2102","Directorate of Campus Security"
"2103","Directorate of Campus Security"
"2104","Directorate of Campus Security"
"2105","Directorate of Campus Security"
"2106","Directorate of Campus Security"
"2107","Directorate of Campus Security"
"2108","Directorate of Campus Security"
"2109","Directorate of Campus Security"
"2110","Directorate of Campus Security"
"2111","Directorate of Campus Security"
"2112","Directorate of Campus Security"
"2113","Directorate of Campus Security"
"2114","Directorate of Campus Security"
"2115","Directorate of Campus Security"
"2116","Directorate of Campus Security"
"2117","Directorate of Campus Security"
"2118","Directorate of Campus Security"
"2119","Directorate of Campus Security"
"2120","Directorate of Campus Security"
"2121","Directorate of Campus Security"
"2122","Directorate of Campus Security"
"2123","Directorate of Campus Security"
"2124","Directorate of Campus Security"
"2125","Directorate of Campus Security"
"2126","Directorate of Campus Security"
"2127","Directorate of Campus Security"
"2128","Directorate of Campus Security"
"2129","Directorate of Campus Security"
"2130","Directorate of Campus Security"
"2131","Directorate of Campus Security"
"2132","Directorate of Campus Security"
"2133","Directorate of Campus Security"
"2134","Directorate of Campus Security"
"2135","Directorate of Campus Security"
"2136","Directorate of Campus Security"
"2137","Directorate of Campus Security"
"2138","Directorate of Campus Security"
"2139","Directorate of Campus Security"
"2140","Directorate of Campus Security"
"2141","Deptt: of Physiology"
"2142","Deptt: of Physiology"
"2143","Deptt: of Physiology"
"2144","Deptt: of Library & Information Sciences"
"2145","Deptt: of Fresh W. Biology & Fish:"
"2146","Deptt: of English"
"2147","Deptt. Of Science & Tehnical Education, Hyd"
"2148","Department of Public Management Science"
"2149","Department of Anthropology & Archeology"
"2150","Department of Anthropology"
"2151","Dean, Natural Sciences"
"2152","Dean, F/Arts"
"2153","Dean, F. of Social Science"
"2154","Dean F N Sciences"
"2155","Dean F C&B Admn."
"2156","Dadu Campus"
"2157","Dadu Campus"
"2158","Dadu Campus"
"2159","Dadu Campus"
"2160","CSS/PCS Coaching Classes"
"2161","C.SS./PC Coaching Classes"
"2162","Crimnology Deptt."
"2163","Complaint Cell"
"2164","Central Scientific Store"
"2165","Central Scientific Store"
"2166","Central Scientific Store"
"2167","Central Library"
"2168","Central Library"
"2169","Allama I.I. Kazi Central Library"
"2170","Allama I. I. Kazi Central Library"
"2171","Campus Security"
"2172","Campus Security"
"2173","Campus Security"
"2174","Burear of Stags"
"2175","Boys Hostels"
"2176","Boys Hostels"
"2177","Boys Hostel"
"2178","Allama Iqbal (Boys) Hostel"
"2179","Benazir Chair"
"2180","Benazir Bhutto Chair & Convention Centre"
"2181","At Administration (under suspension)"
"2182","Arts Faculty Building"
"2183","Arts Faculty Building"
"2184","Arts Faculty Building"
"2185","Arts Faculty Building"
"2186","Arts Faculty Building"
"2187","Arts Faculty Building"
"2188","Arts Faculty Building"
"2189","Arts Faculty Building"
"2190","Arts Faculty Building"
"2191","Arts Faculty Building"
"2192","Arts Faculty Building"
"2193","Arts Faculty Building"
"2194","Arts & Design"
"2195","Alllama I.I Kazi Library"
"2196","AllamaI.I kazi Library"
"2197","Allama I.I. Kazi Library"
"2198","Allama I.I. Kazi Library"
"2199","Allama I.I. Kazi Library"
"2200","Allama I.I. Kazi Library"
"2201","Allama I.I. Kazi Library"
"2202","Allama I.I. Kazi Library"
"2203","Allama I.I. Kazi Library"
"2204","Allama I.I. Kazi Library"
"2205","Allama I.I. Kazi Library"
"2206","Allama I.I. Kazi Library"
"2207","Allama I.I. Kazi Library"
"2208","Allama I.I. Kazi Library"
"2209","Allama I.I. Kazi Library"
"2210","Allama I.I. Kazi Library"
"2211","Allama I.I. Kazi Library"
"2212","Allama I.I. Kazi Library"
"2213","Allama I.I. Kazi Library"
"2214","Allama I.I. Kazi Library"
"2215","Allama I.I. Kazi Library"
"2216","Allama I.I. Kazi Library"
"2217","Allama I.I. Kazi Library"
"2218","Allama I.I. Kazi Library"
"2219","Allama I.I. Kazi Library"
"2220","Allama I.I. Kazi Library"
"2221","Allama I.I. Kazi Library"
"2222","Allama I.I. Kazi Library"
"2223","Allama I.I. Kazi Library"
"2224","Allama I.I. Kazi Library"
"2225","Allama I.I Kazi Library,"
"2226","Allama I.I Kazi Library"
"2227","Allama I.I Kazi Library"
"2228","Allama I.I Kazi Library"
"2229","Allama I.I Kazi Library"
"2230","Allama I.I Kazi Library"
"2231","Allama I.I Kazi Library"
"2232","Allama I.I Kazi Library"
"2233","Allama I.I Kazi Library"
"2234","Allama I.I Kazi Library"
"2235","Allama I.I Kazi Library"
"2236","Allama I.I Kazi Library"
"2237","Allama I. I. Kazi Library,r"
"2238","Allama I. I. Kazi Library"
"2239","Allama I. I. Kazi Library"
"2240","Allama I. I. Kazi Library"
"2241","Allama I. I. Kazi Library"
"2242","Allama I. I. Kazi Library"
"2243","Allama I. I. Kazi Library"
"2244","Allama I. I. Kazi Library"
"2245","Allama I. I. Kazi Library"
"2246","Allama I. I. Kazi Library"
"2247","Allama I. I. Kazi Library"
"2248","Allama I. I. Kazi Library"
"2249","Allama I. I. Kazi Library"
"2250","Allama I. I. Kazi Library"
"2251","Allama I. I. Kazi Library"
"2252","Allama I. I. Kazi Library"
"2253","Allama I. I Kazi Library"
"2254","Allama I. I Kazi Library"
"2255","Allama I I Kazi Library"
"2256","Allama I I Kazi Library"
"2257","Allam I.I Kazi Library"
"2258","Allam I.I Kazi Library"
"2259","Allama I I kazi library"
"2260","Allama. I. I. Kazi Memorial Society"
"2261","Allama I.I Kazi Memorial Society"
"2262","Allama Iqbal Hostel"
"2263","Allama Ghulam Mustafa Qasmi Chair"
"2264","Advanced Research Studies Studies"
"2265","Admn.Teach"
"2266","Admn. Teach."
"2267","Admn. (Teach.)"
"2268","Admn. Branch"
"2269","Admn. Branch"
"2270","Admin. Branch"
"2271","Admn."
"2272","Admissions Cell"
"2273","Admissions Cell"
"2274","Admissions Cell"
"2275","Admissions Cell"
"2276","Admissions Cell"
"2277","Admissions Cell"
"2278","Admissions Cell"
"2279","Admissions Cell"
"2280","Admissions Cell"
"2281","Admissions Cell"
"2282","Admissions Cell"
"2283","Admissions Cell"
"2284","Admissions Cell"
"2285","Admission..s Cell"
"2286","Admission Cell"
"2287","Admission Cell"
"2288","Admission Cell"
"2289","Admission Cell"
"2290","Admission Cell"
"2291","Admission Cell"
"2292","Admission Cell"
"2293","Admission Cell"
"2294","Adminstration Branch"
"2295","Administration Branch Teaching side"
"2296","Administration Branch Teaching side"
"2297","Administration Branch Teaching side"
"2298","Administration Branch Teaching side"
"2299","Administration Branch Teach"
"2300","Administration Branch (Teach:)"
"2301","Administration Branch (Teach.)"
"2302","Administration Branch (Teach )"
"2303","Administration Branch"
"2304","Administration Branch"
"2305","Administration Branch"
"2306","Administration Branch"
"2307","Administration Branch"
"2308","Administration Branch"
"2309","Administration Branch"
"2310","Administration Branch"
"2311","Administration Branch"
"2312","Administration Branch"
"2313","Administration Branch"
"2314","Administration Branch"
"2315","Administration Branch"
"2316","Administration Branch"
"2317","Administration Branch"
"2318","Administration Branch"
"2319","Administration Branch"
"2320","Administration Branch"
"2321","Administration Branch"
"2322","Administration Branch"
"2323","Administration Branch"
"2324","Administration Branch"
"2325","Administration Branch"
"2326","Administration Branch"
"2327","Administration Branch"
"2328","Administration Branch"
"2329","Administration Branch"
"2330","Administration Building"
"2331","Administration (Teach.)"
